Top pages,Clicks,Impressions,CTR,Position
https://dieselpartsource.com/part-products/catalog/mtu-injectors/,4,39,10.26%,14.1
https://dieselpartsource.com/part-products/catalog/mtu-4000-series/,2,126,1.59%,54.4
https://dieselpartsource.com/part-products/0031845201-oil-filter-spin-on/,2,22,9.09%,29.82
https://dieselpartsource.com/part-products/xp52618300032-oil-filter-element/,2,4,50%,3.25
https://dieselpartsource.com/capabilities/deutz-engine-parts/,1,50,2%,71.02
http://dieselpartsource.com/,1,45,2.22%,6.67
https://dieselpartsource.com/part-products/catalog/mtu-cooling-system/,1,40,2.5%,29.55
https://dieselpartsource.com/part-products/x57508300091-fuel-filter-spin-on/,1,27,3.7%,20.07
https://dieselpartsource.com/part-products/700429050003-o-ring/,1,6,16.67%,31
https://dieselpartsource.com/part-products/5240332730-crankshaft-bearing-driving/,1,6,16.67%,69.5
https://dieselpartsource.com/part-products/f6794703-fitting-removal-dev/,1,5,20%,30.8
https://dieselpartsource.com/part-products/catalog/mtu-2000-gaskets-and-seals-parts/,1,4,25%,29.75
https://dieselpartsource.com/part-products/0000982780-sealing-block/,1,4,25%,47.75
https://dieselpartsource.com/part-products/xp00a36400005-filter-element/,1,3,33.33%,3.67
https://dieselpartsource.com/part-products/0005351733-speed-sensor/,1,3,33.33%,8
https://dieselpartsource.com/part-products/5360702032-fuel-line/,1,3,33.33%,34.67
https://dieselpartsource.com/part-products/5500160432-pipe/,1,1,100%,2
https://dieselpartsource.com/part-products/0030176421-nozzle-holder-with-nozzle/,1,1,100%,8
https://dieselpartsource.com/part-products/,0,300,0%,61.82
https://dieselpartsource.com/products/mtu-spare-parts/,0,98,0%,56.34
https://dieselpartsource.com/products/mtu-2000-series-parts/,0,74,0%,70.7
https://dieselpartsource.com/,0,61,0%,36.41
https://dieselpartsource.com/part-products/catalog/mtu-gasket-kits/,0,59,0%,58.12
https://dieselpartsource.com/capabilities/genuine-oem-parts/,0,56,0%,51.04
https://dieselpartsource.com/capabilities/mtu-engine-parts/,0,50,0%,65.56
https://dieselpartsource.com/part-products/catalog/mtu-2000-series/,0,43,0%,44.79
https://dieselpartsource.com/part-products/catalog/mtu-sensors/,0,40,0%,31.27
https://dieselpartsource.com/capabilities/industrial-engine-service/,0,40,0%,51.9
https://dieselpartsource.com/products/mtu-4000-series-parts/,0,40,0%,65.95
https://dieselpartsource.com/products/deutz-parts/,0,39,0%,75.77
https://dieselpartsource.com/part-products/5240380471-conrod-bolt/,0,35,0%,63.31
https://dieselpartsource.com/part-products/5240530301-inlet-valve/,0,34,0%,59.94
https://dieselpartsource.com/industries/marine/,0,34,0%,71.65
https://dieselpartsource.com/part-products/catalog/mtu-filters/,0,30,0%,22.6
https://dieselpartsource.com/part-products/catalog/mtu-turbocharger-parts/,0,30,0%,46.87
https://dieselpartsource.com/industries/industrial-engines/,0,19,0%,68.05
https://dieselpartsource.com/part-products/5500531231-valve-seat-insert-inlet/,0,16,0%,69.75
https://dieselpartsource.com/part-products/5840371625-piston-crown/,0,16,0%,74.19
https://dieselpartsource.com/capabilities/cummins-engine-parts/,0,15,0%,64.67
https://dieselpartsource.com/part-products/0035352231-pressure-sensor/,0,14,0%,24.29
https://dieselpartsource.com/part-products/catalog/mtu-4000-gaskets-and-seals-parts/,0,14,0%,41
https://dieselpartsource.com/part-products/catalog/mtu-valve-train/,0,13,0%,60.08
https://dieselpartsource.com/industries/power-generation/,0,12,0%,70.67
https://dieselpartsource.com/part-products/5240530905-exhaust-valve/,0,12,0%,71.5
https://dieselpartsource.com/products/deutz-parts/industrial-equipment-parts/,0,11,0%,69.73
https://dieselpartsource.com/part-products/x59301300049-cylinder-liner-stage-0/,0,11,0%,87.27
https://dieselpartsource.com/about/,0,10,0%,27.9
https://dieselpartsource.com/part-products/5240530120-valve-spring-outer/,0,10,0%,38.4
https://dieselpartsource.com/part-products/f6792918-barring-tool/,0,10,0%,49.6
https://dieselpartsource.com/capabilities/marine-engine-service/,0,10,0%,62.8
https://dieselpartsource.com/part-products/135b09041-3-conrod/,0,10,0%,66
https://dieselpartsource.com/part-products/5241420057-sealing-ring/,0,10,0%,73.5
https://dieselpartsource.com/part-products/0001800015-pressure-reducing-va-lve-assy/,0,10,0%,81.3
https://dieselpartsource.com/part-products/5840780024-thrust-member/,0,9,0%,3.56
https://dieselpartsource.com/part-products/x52420300037-thermal-actuator/,0,9,0%,13.33
https://dieselpartsource.com/part-products/0031845301-oil-filter-spin-on/,0,9,0%,17.67
https://dieselpartsource.com/part-products/x00007116-v-band-clamp/,0,9,0%,51.67
https://dieselpartsource.com/part-products/11506101-nut/,0,9,0%,58.22
https://dieselpartsource.com/part-products/23540455-centrifugal-oil-filter-asm/,0,8,0%,14.5
https://dieselpartsource.com/part-products/4221880001-oil-cooler/,0,8,0%,26.25
https://dieselpartsource.com/part-products/x59403800071-42-connecting-rod/,0,8,0%,40
https://dieselpartsource.com/part-products/x52414100123-gasket-f-exhaust-manifold/,0,8,0%,46
https://dieselpartsource.com/part-products/catalog/mtu-pistons-liners/,0,8,0%,47.62
https://dieselpartsource.com/part-products/5244920181-sealing-ring/,0,8,0%,50.5
https://dieselpartsource.com/part-products/x52601600011-gasket/,0,8,0%,64.12
http://dieselpartsource.com/part-products/700429042001-o-ring/,0,8,0%,67.75
https://dieselpartsource.com/part-products/t80090944-bracket/,0,8,0%,74.62
https://dieselpartsource.com/part-products/5240531101-inlet-valve/,0,8,0%,76.25
https://dieselpartsource.com/part-products/x54799101554-non-return-valve-with-baffle/,0,8,0%,77.25
https://dieselpartsource.com/part-products/070852035000-slotted-nut/,0,8,0%,83.38
https://dieselpartsource.com/part-products/5240530830-valve-guide/,0,7,0%,9.86
https://dieselpartsource.com/products/mtu-spare-parts/mtu-part-number-lookup/,0,7,0%,16.14
https://dieselpartsource.com/part-products/0002000001-coolant-pump/,0,7,0%,16.86
https://dieselpartsource.com/part-products/5240550550-bushing/,0,7,0%,21
https://dieselpartsource.com/part-products/x00e50214075-pressure-sensor/,0,7,0%,28.43
https://dieselpartsource.com/part-products/catalog/mtu-4000-sensors-and-electrical-parts/,0,7,0%,35.14
https://dieselpartsource.com/part-products/5100850060-ring-seal/,0,7,0%,35.57
https://dieselpartsource.com/part-products/5240530152-valve-spring-inner/,0,7,0%,51.29
https://dieselpartsource.com/part-products/5800530101-inlet-valve/,0,7,0%,51.29
https://dieselpartsource.com/part-products/f30452578-slotted-nut-driver/,0,7,0%,52.29
https://dieselpartsource.com/part-products/0005358133-speed-sensor/,0,7,0%,53.57
https://dieselpartsource.com/part-products/catalog/mtu-4000-pistons-and-liners-parts/,0,7,0%,54.14
https://dieselpartsource.com/part-products/0059812225-grooved-ball-bearing/,0,7,0%,55.14
https://dieselpartsource.com/part-products/5110251976-washer/,0,7,0%,61.71
https://dieselpartsource.com/part-products/0120370819-taper-face-compression-ring/,0,7,0%,68.29
https://dieselpartsource.com/products/,0,7,0%,72.71
https://dieselpartsource.com/contact/,0,6,0%,7.33
https://dieselpartsource.com/part-products/700327012000-grommet/,0,6,0%,7.67
https://dieselpartsource.com/part-products/0005358233-speed-sensor/,0,6,0%,9.83
https://dieselpartsource.com/part-products/5240530122-valve-spring-inner/,0,6,0%,17.17
https://dieselpartsource.com/part-products/0005356430-temperature-sensor/,0,6,0%,19.83
https://dieselpartsource.com/part-products/x00e50203659-level-monitor/,0,6,0%,27.67
https://dieselpartsource.com/part-products/0001536720-speed-sensor/,0,6,0%,33.67
https://dieselpartsource.com/part-products/700429260000-o-ring/,0,6,0%,36.17
https://dieselpartsource.com/part-products/8492000005-rotary-seal/,0,6,0%,38
https://dieselpartsource.com/part-products/xp59420700027-impeller/,0,6,0%,38.17
https://dieselpartsource.com/part-products/catalog/mtu-2000-fuel-system-parts/,0,6,0%,44
https://dieselpartsource.com/part-products/x54920200040-87-water-pump-high-temp-circuit/,0,6,0%,50.5
https://dieselpartsource.com/part-products/x52414100132-gasket-for-exhaust-pipe/,0,6,0%,54.67
https://dieselpartsource.com/part-products/200988045000-support-plate/,0,6,0%,58
https://dieselpartsource.com/part-products/5602011280-gasket/,0,6,0%,59.83
https://dieselpartsource.com/part-products/xp52718300060-paper-insert/,0,6,0%,66
https://dieselpartsource.com/industries/,0,6,0%,72
http://dieselpartsource.com/part-products/xp59420300091-seal-ring/,0,6,0%,79.67
https://dieselpartsource.com/part-products/catalog/mtu-4000-filters-parts/,0,5,0%,19.8
https://dieselpartsource.com/part-products/700429100000-o-ring/,0,5,0%,25.6
https://dieselpartsource.com/part-products/50773-silcone-rubber-locti/,0,5,0%,26.4
https://dieselpartsource.com/part-products/f6558557-barring-device/,0,5,0%,30.4
https://dieselpartsource.com/part-products/0002033288-actuator/,0,5,0%,31.2
https://dieselpartsource.com/part-products/x54920200040-87-water-pump-high-temp/,0,5,0%,32
https://dieselpartsource.com/part-products/700429045000-o-ring/,0,5,0%,38.8
https://dieselpartsource.com/part-products/000934012008-nut-hex/,0,5,0%,42.2
https://dieselpartsource.com/part-products/5310160021-gasket/,0,5,0%,46.4
https://dieselpartsource.com/part-products/5240332630-crankshaft-bearing-aux-pto-end/,0,5,0%,53.2
https://dieselpartsource.com/part-products/5802040290-retainer/,0,5,0%,58.4
https://dieselpartsource.com/part-products/000908030002-thread-plug/,0,5,0%,59.2
https://dieselpartsource.com/part-products/5840300020-42-connecting-rod/,0,5,0%,69.2
https://dieselpartsource.com/part-products/5602030680-gasket/,0,5,0%,75
https://dieselpartsource.com/part-products/0090374419-keystone-compr-ring/,0,5,0%,86
https://dieselpartsource.com/privacy/,0,4,0%,2.75
https://dieselpartsource.com/part-products/f30006212-ratchet-with-extensi-on/,0,4,0%,5.5
https://dieselpartsource.com/part-products/0035352731-pressure-sensor/,0,4,0%,7
https://dieselpartsource.com/part-products/0090375019-taper-face-comp-ring/,0,4,0%,8
https://dieselpartsource.com/part-products/x53608200005-fuel-pump-low-pressure/,0,4,0%,8
https://dieselpartsource.com/part-products/5240980281-hose/,0,4,0%,12
https://dieselpartsource.com/part-products/0035352531-pressure-sensor/,0,4,0%,15.75
https://dieselpartsource.com/part-products/0000530926-valve-keeper-wedge/,0,4,0%,24.25
https://dieselpartsource.com/part-products/0120373618-oil-control-ring/,0,4,0%,24.5
https://dieselpartsource.com/part-products/5062000601-coolant-pump/,0,4,0%,26.75
https://dieselpartsource.com/part-products/0001424957-ring-exh-manif/,0,4,0%,28.5
https://dieselpartsource.com/part-products/0005862709-repair-kit/,0,4,0%,29
https://dieselpartsource.com/part-products/5760110059-sealing-ring/,0,4,0%,34.5
https://dieselpartsource.com/certifications/,0,4,0%,37.75
https://dieselpartsource.com/part-products/5410180233-diaphragm/,0,4,0%,41.5
https://dieselpartsource.com/part-products/0045426917-temperature-monitor/,0,4,0%,42
https://dieselpartsource.com/part-products/4420500526-inlet-valve/,0,4,0%,46.75
https://dieselpartsource.com/part-products/x00004882-cylinder-head-gasket/,0,4,0%,49.5
https://dieselpartsource.com/part-products/catalog/mtu-2000-filters-parts/,0,4,0%,51.75
https://dieselpartsource.com/part-products/5600160071-plug/,0,4,0%,55.5
https://dieselpartsource.com/part-products/5411420180-gasket/,0,4,0%,56
https://dieselpartsource.com/part-products/x00e50201372-temperature-sensor/,0,4,0%,58.25
https://dieselpartsource.com/part-products/5120850560-piston-ring-for-turbocharger/,0,4,0%,64.75
https://dieselpartsource.com/part-products/000137012202-washer-spring-b12/,0,4,0%,68
https://dieselpartsource.com/part-products/xp52718300064-gasket-kit/,0,4,0%,70
https://dieselpartsource.com/part-products/x52607700009-adapter-jacketed/,0,4,0%,70.5
https://dieselpartsource.com/part-products/5730110280-gasket/,0,4,0%,74.25
https://dieselpartsource.com/part-products/5240384110-conrod-bearing-upper-half/,0,4,0%,75.75
https://dieselpartsource.com/part-products/5110850960-piston-ring/,0,4,0%,76.75
https://dieselpartsource.com/part-products/5110251476-washer/,0,4,0%,78.25
https://dieselpartsource.com/part-products/f30379104-oil-fiter-wrench/,0,4,0%,79.75
https://dieselpartsource.com/part-products/5410500227-exhaust-valve/,0,4,0%,81.75
https://dieselpartsource.com/part-products/x00016024-crankshaft-bearing-size-0-0/,0,4,0%,85
https://dieselpartsource.com/part-products/0080375619-rectangular-section-ring/,0,4,0%,95
https://dieselpartsource.com/part-products/x00012160-wiring-harness-to-injector/,0,3,0%,6
https://dieselpartsource.com/part-products/5241880180-gasket/,0,3,0%,6.33
https://dieselpartsource.com/part-products/700429108000-o-ring/,0,3,0%,7
https://dieselpartsource.com/part-products/0000180680-gasket/,0,3,0%,7.67
https://dieselpartsource.com/part-products/5360900250-fuel-delivery-pump/,0,3,0%,10
https://dieselpartsource.com/part-products/0005357533-speed-sensor/,0,3,0%,12
https://dieselpartsource.com/part-products/700429036001-o-ring/,0,3,0%,13.67
https://dieselpartsource.com/part-products/0000925105-filter-element/,0,3,0%,15
https://dieselpartsource.com/part-products/8695860572-gasket-kit/,0,3,0%,15
https://dieselpartsource.com/part-products/700327028000-grommet/,0,3,0%,22.67
https://dieselpartsource.com/part-products/0120370618-oil-control-ring/,0,3,0%,27.67
https://dieselpartsource.com/part-products/5550100051-nozzle-holder-w-nozzle/,0,3,0%,28.67
https://dieselpartsource.com/part-products/x52499100259-adjusting-screw/,0,3,0%,33
https://dieselpartsource.com/part-products/0001750080-gasket/,0,3,0%,42.33
https://dieselpartsource.com/part-products/catalog/mtu-2000-valve-train-parts/,0,3,0%,49.33
https://dieselpartsource.com/part-products/5760540532-guide-bushing/,0,3,0%,54.67
https://dieselpartsource.com/part-products/catalog/mtu-2000-bearings-parts/,0,3,0%,56
https://dieselpartsource.com/part-products/0000530126-valve-collet/,0,3,0%,56.67
https://dieselpartsource.com/part-products/135c10020-2-valve-head-inlet/,0,3,0%,56.67
https://dieselpartsource.com/part-products/0005357633-speed-sensor/,0,3,0%,58.33
https://dieselpartsource.com/part-products/x00017269-impeller/,0,3,0%,58.67
https://dieselpartsource.com/part-products/5809900819-stress-bolt/,0,3,0%,61.33
https://dieselpartsource.com/part-products/f6780562-puller/,0,3,0%,63.33
https://dieselpartsource.com/part-products/5240336602-crankshaft-bearing-lower-half/,0,3,0%,66.33
https://dieselpartsource.com/part-products/5129940030-tab-washer/,0,3,0%,69
https://dieselpartsource.com/part-products/x58720700002-coolant-pump-shaft/,0,3,0%,69
https://dieselpartsource.com/part-products/f30378324-setting-mandrel/,0,3,0%,69.33
https://dieselpartsource.com/part-products/catalog/mtu-396-gaskets-and-seals-parts/,0,3,0%,78.33
https://dieselpartsource.com/part-products/5760110153-plug-in-pipe/,0,3,0%,82
https://dieselpartsource.com/part-products/5842040257-seal-carrier/,0,3,0%,84.33
https://dieselpartsource.com/part-products/8699970499-radial-lip-shft-seal/,0,3,0%,84.33
https://dieselpartsource.com/part-products/007603064100-washer-a-cop/,0,3,0%,85
https://dieselpartsource.com/part-products/135d08007-1-sealing-ring/,0,3,0%,86.67
https://dieselpartsource.com/part-products/5205300171-magnetic-nut/,0,3,0%,87
https://dieselpartsource.com/part-products/5500500225-roller-tappet/,0,3,0%,87.33
https://dieselpartsource.com/part-products/270952035100-tab-washer/,0,3,0%,91
https://dieselpartsource.com/part-products/5600520080-gasket/,0,3,0%,91.67
https://dieselpartsource.com/part-products/5240332608-bearing-thrust-0-1-up-ril/,0,3,0%,92.33
https://dieselpartsource.com/part-products/5240333407-bearing-thrust-0-1-lo-spt/,0,3,0%,94.33
https://dieselpartsource.com/part-products/5561421884-shim/,0,2,0%,3.5
https://dieselpartsource.com/part-products/x00e50209325-level-monitor/,0,2,0%,4
https://dieselpartsource.com/part-products/5591420451-ring-sealing/,0,2,0%,4.5
https://dieselpartsource.com/part-products/5410501336-rocker-shaft-support/,0,2,0%,9
https://dieselpartsource.com/part-products/catalog/mtu-396-sensors-and-electrical-parts/,0,2,0%,9
https://dieselpartsource.com/sitemap/,0,2,0%,9.5
https://dieselpartsource.com/part-products/5110800420-turbine-wheel/,0,2,0%,10.5
https://dieselpartsource.com/part-products/0049976736-valve-drain/,0,2,0%,11
https://dieselpartsource.com/part-products/135b03090-1-oil-seal/,0,2,0%,11
https://dieselpartsource.com/part-products/5760530020-valve-spring-outer/,0,2,0%,11
https://dieselpartsource.com/part-products/x52403800001-conrod-bearing/,0,2,0%,12.5
http://dieselpartsource.com/part-products/5240383710-conrod-bearing-upper-half/,0,2,0%,15.5
https://dieselpartsource.com/part-products/0005357433-speed-sensor/,0,2,0%,24
https://dieselpartsource.com/part-products/catalog/mtu-396-series/,0,2,0%,31
https://dieselpartsource.com/part-products/135b14008-1-screw/,0,2,0%,34
https://dieselpartsource.com/industries/energy-suppliers/,0,2,0%,39.5
https://dieselpartsource.com/part-products/5600510580-gasket/,0,2,0%,41
https://dieselpartsource.com/capabilities/,0,2,0%,41.5
https://dieselpartsource.com/part-products/0004905565-boot/,0,2,0%,42.5
https://dieselpartsource.com/part-products/5320100130-cylinder-head-cover-lower-part/,0,2,0%,43.5
https://dieselpartsource.com/part-products/f6780561-puller/,0,2,0%,44
https://dieselpartsource.com/part-products/700429028001-o-ring/,0,2,0%,47.5
https://dieselpartsource.com/part-products/0005357333-speed-sensor/,0,2,0%,48
https://dieselpartsource.com/part-products/x00023888-sealing-washer/,0,2,0%,48
https://dieselpartsource.com/part-products/x51114500001-2-2-way-solenoid-vlv/,0,2,0%,50
https://dieselpartsource.com/part-products/0001510433-multiple-disc-clutch/,0,2,0%,50.5
https://dieselpartsource.com/part-products/5240382550-bushing-conrod-size-0/,0,2,0%,51.5
https://dieselpartsource.com/part-products/x59499100014-hose-for-air-compressor/,0,2,0%,55
https://dieselpartsource.com/part-products/x58799102324-n00-safety-valve/,0,2,0%,57.5
https://dieselpartsource.com/part-products/5500160119-sealing-ring/,0,2,0%,62
https://dieselpartsource.com/part-products/catalog/mtu-396-fuel-system-parts/,0,2,0%,64.5
https://dieselpartsource.com/part-products/0001883180-gasket/,0,2,0%,70.5
https://dieselpartsource.com/part-products/111d03014-1-sealing-ring/,0,2,0%,74.5
http://dieselpartsource.com/part-products/135l45018-1-slotted-nut/,0,2,0%,75
https://dieselpartsource.com/part-products/f6781539-hydraulic-pressure-spindle/,0,2,0%,76.5
https://dieselpartsource.com/part-products/000137010202-washer-spring-b10/,0,2,0%,78
https://dieselpartsource.com/part-products/5550530105-exhaust-valve/,0,2,0%,80
https://dieselpartsource.com/part-products/5260200305-housing-rotating-asm/,0,2,0%,81
https://dieselpartsource.com/part-products/4220300124-piston-ring-kit/,0,2,0%,82
https://dieselpartsource.com/part-products/161m37002-1-rubber-sleeve/,0,2,0%,83.5
https://dieselpartsource.com/part-products/5110250576-washer/,0,2,0%,84.5
https://dieselpartsource.com/part-products/5090250350-bearing-bushing/,0,2,0%,87
https://dieselpartsource.com/part-products/5240111480-gasket/,0,2,0%,87
https://dieselpartsource.com/part-products/5760160419-sealing-ring/,0,2,0%,87
https://dieselpartsource.com/part-products/5800300617-piston-composite/,0,2,0%,87
https://dieselpartsource.com/part-products/5372030880-gasket/,0,2,0%,91
https://dieselpartsource.com/part-products/5320110110-cylinder-liner/,0,2,0%,91.5
https://dieselpartsource.com/part-products/5119910060-dowel-pin/,0,2,0%,96
https://dieselpartsource.com/part-products/915005020001-sealing-cone/,0,2,0%,96
http://dieselpartsource.com/part-products/5760550350-bushing/,0,2,0%,99
https://dieselpartsource.com/part-products/x52404200043-gasket-for-cylinder-head/,0,1,0%,2
https://dieselpartsource.com/part-products/0005355103-level-monitor/,0,1,0%,3
https://dieselpartsource.com/part-products/5361800515-oil-pressure-relief-valve/,0,1,0%,3
https://dieselpartsource.com/part-products/5760550450-bushing/,0,1,0%,3
https://dieselpartsource.com/part-products/0002032088-actuator/,0,1,0%,4
https://dieselpartsource.com/part-products/5351420480-gasket/,0,1,0%,4
https://dieselpartsource.com/part-products/x00e50207213-pressure-sensor/,0,1,0%,4
https://dieselpartsource.com/part-products/0035352931-pressure-sensor/,0,1,0%,5
https://dieselpartsource.com/part-products/0189978947-seal-rear-crankshaft/,0,1,0%,6
https://dieselpartsource.com/part-products/5550105141-cylinder-head-with-valve/,0,1,0%,6
https://dieselpartsource.com/part-products/8700380171-conrod-bolt/,0,1,0%,6
https://dieselpartsource.com/part-products/x00028017-gasket/,0,1,0%,6
http://dieselpartsource.com/part-products/5500530401-inlet-valve/,0,1,0%,7
https://dieselpartsource.com/part-products/0020922801-fuel-filter-spin-on/,0,1,0%,7
https://dieselpartsource.com/part-products/catalog/mtu-956-series/,0,1,0%,7
https://dieselpartsource.com/part-products/x00008172-grommet/,0,1,0%,7
https://dieselpartsource.com/part-products/x58720700011-gear-no-11/,0,1,0%,7
https://dieselpartsource.com/part-products/0005355303-level-monitor/,0,1,0%,8
https://dieselpartsource.com/part-products/007603016105-copper-sealing-ring/,0,1,0%,8
http://dieselpartsource.com/part-products/5410160920-cylinder-head-gasket/,0,1,0%,9
https://dieselpartsource.com/llm-instructions/,0,1,0%,9
https://dieselpartsource.com/part-products/0035351731-pressure-sensor/,0,1,0%,9
https://dieselpartsource.com/part-products/0040175021-nozzle-holder-w-nozzle/,0,1,0%,9
https://dieselpartsource.com/part-products/5205304531-pressure-sensor/,0,1,0%,9
https://dieselpartsource.com/part-products/5240113410-cylinder-liner-size-0/,0,1,0%,9
https://dieselpartsource.com/part-products/5550307540-crankshaft-bearing-size-0-0/,0,1,0%,9
https://dieselpartsource.com/part-products/catalog/mtu-595-bearings-parts/,0,1,0%,9
https://dieselpartsource.com/part-products/0080375619-rectanglr-sect-ring/,0,1,0%,10
https://dieselpartsource.com/part-products/5500100061-oil-separator/,0,1,0%,10
https://dieselpartsource.com/part-products/5550102451-nozzle-holder-w-nozzle/,0,1,0%,10
https://dieselpartsource.com/terms/shipping/,0,1,0%,10
https://dieselpartsource.com/industries/shipyards-repair/,0,1,0%,11
https://dieselpartsource.com/part-products/0000911128-diaphragm/,0,1,0%,11
https://dieselpartsource.com/part-products/700429178000-o-ring/,0,1,0%,11
https://dieselpartsource.com/part-products/e0070960299-exhaust-turbocharger/,0,1,0%,11
https://dieselpartsource.com/part-products/0000533635-valve-rotator/,0,1,0%,15
https://dieselpartsource.com/part-products/8800110159-sealing-ring/,0,1,0%,19
https://dieselpartsource.com/part-products/5841800143-oil-spray-nozzle/,0,1,0%,20
https://dieselpartsource.com/part-products/0090378218-oil-control-ring/,0,1,0%,21
https://dieselpartsource.com/part-products/5240332730-crankshaft-bearing-driving-end/,0,1,0%,21
https://dieselpartsource.com/part-products/5840900595-2-2-way-solenoid-valve/,0,1,0%,26
https://dieselpartsource.com/part-products/135b03020-2-tab-washer/,0,1,0%,32
https://dieselpartsource.com/part-products/135c10002-1-valve-spring-inner/,0,1,0%,38
http://dieselpartsource.com/part-products/catalog/mtu-2000-turbocharging-parts/,0,1,0%,41
https://dieselpartsource.com/industries/rail/,0,1,0%,46
https://dieselpartsource.com/part-products/e0070960399-exhaust-turbocharger/,0,1,0%,46
https://dieselpartsource.com/part-products/5120200112-thrust-bearing/,0,1,0%,49
https://dieselpartsource.com/part-products/catalog/mtu-1163-sensors-and-electrical-parts/,0,1,0%,53
https://dieselpartsource.com/part-products/5610105420-cylinder-head/,0,1,0%,56
https://dieselpartsource.com/part-products/0005357833-speed-sensor/,0,1,0%,57
http://dieselpartsource.com/part-products/5120820226-heat-shield/,0,1,0%,58
https://dieselpartsource.com/part-products/5730110080-gasket/,0,1,0%,61
https://dieselpartsource.com/part-products/4421870180-gasket/,0,1,0%,62
https://dieselpartsource.com/part-products/5602011380-gasket/,0,1,0%,65
https://dieselpartsource.com/part-products/5730110480-gasket/,0,1,0%,67
https://dieselpartsource.com/part-products/x51604200016-gasket/,0,1,0%,69
https://dieselpartsource.com/part-products/135a45008-2-sleeve/,0,1,0%,70
https://dieselpartsource.com/applications/shipyard-repair-overhaul/,0,1,0%,72
https://dieselpartsource.com/part-products/5610381150-conrod-bushing-size-3/,0,1,0%,72
https://dieselpartsource.com/part-products/x59499100015-hose-for-air-compressor/,0,1,0%,72
https://dieselpartsource.com/part-products/135c10143-3-valve-head/,0,1,0%,73
https://dieselpartsource.com/part-products/5501801015-press-relief-valve/,0,1,0%,74
https://dieselpartsource.com/part-products/135b09742-5-conrod-bearing/,0,1,0%,77
https://dieselpartsource.com/part-products/5220980080-gasket/,0,1,0%,78
https://dieselpartsource.com/part-products/0010175412-nozzle/,0,1,0%,80
https://dieselpartsource.com/part-products/135b03062-2-washer/,0,1,0%,80
https://dieselpartsource.com/part-products/5320980080-gasket/,0,1,0%,81
https://dieselpartsource.com/part-products/5501800106-idler-gear/,0,1,0%,81
https://dieselpartsource.com/part-products/5840982719-pump-timing-piston/,0,1,0%,83
https://dieselpartsource.com/part-products/4420500227-exhaust-valve/,0,1,0%,86
https://dieselpartsource.com/part-products/5240303917-piston-assembly/,0,1,0%,86
https://dieselpartsource.com/part-products/0049979947-seal-shaft/,0,1,0%,88
https://dieselpartsource.com/part-products/505890921-00-compression-press-re-corder/,0,1,0%,88
https://dieselpartsource.com/part-products/5760100081-plug/,0,1,0%,90
https://dieselpartsource.com/part-products/0019813727-angl-cont-ball-brg/,0,1,0%,91
https://dieselpartsource.com/part-products/5841420445-clamp/,0,1,0%,92
https://dieselpartsource.com/part-products/x52404200010-valve-guide/,0,1,0%,92
https://dieselpartsource.com/applications/marine-propulsion-engines/,0,1,0%,93
https://dieselpartsource.com/part-products/catalog/mtu-956-gaskets-and-seals-parts/,0,1,0%,93
https://dieselpartsource.com/part-products/514d19001-1-gasket/,0,1,0%,94
https://dieselpartsource.com/part-products/5562030980-gasket/,0,1,0%,95
https://dieselpartsource.com/part-products/5840980257-2-2-way-solenoid-valve/,0,1,0%,95
https://dieselpartsource.com/part-products/5120850560-piston-ring-f-turbocharger/,0,1,0%,96
https://dieselpartsource.com/part-products/0219976547-seal-ring-crankshaft-front/,0,1,0%,97
https://dieselpartsource.com/part-products/xp59307500002-o-ring/,0,1,0%,97
https://dieselpartsource.com/part-products/0001427157-lamellar-ring/,0,1,0%,98
https://dieselpartsource.com/part-products/5311550215-belt-pulley-for-generator/,0,1,0%,98
https://dieselpartsource.com/part-products/0010742280-gasket/,0,1,0%,99
https://dieselpartsource.com/part-products/5320900136-plug-in-pipe/,0,1,0%,99
https://dieselpartsource.com/part-products/5600513780-gasket/,0,1,0%,99